agent_experience_level,negative,neutral,positive
experienced,43.103448275862064,54.88505747126437,2.0114942528735633
inexperienced,33.10344827586207,65.51724137931035,1.3793103448275863
junior,43.98422090729783,52.46548323471401,3.5502958579881656
