issue_area,negative,neutral,positive
Cancellations and returns,49.65034965034965,50.349650349650354,0.0
Login and Account,19.205298013245034,80.79470198675497,0.0
Order,58.14814814814815,31.851851851851855,10.0
Shipping,52.77777777777778,47.22222222222222,0.0
Shopping,31.896551724137932,68.10344827586206,0.0
Warranty,17.142857142857142,82.85714285714286,0.0
