issue_complexity,negative,neutral,positive
high,48.837209302325576,47.674418604651166,3.488372093023256
less,41.18852459016394,56.14754098360656,2.663934426229508
medium,41.78403755868544,55.633802816901415,2.5821596244131455
