,sentiment_cat,customer_initial_sentiment,customer_final_sentiment,agent_initial_sentiment,agent_final_sentiment,sentiment_volatility,avg_sentiment_change,customer_sentiment_shift
0,Negative,-0.05803396674584323,0.32394489311163893,0.6478840855106889,0.4129406175771972,0.35952117779656284,0.0645517324902598,0.38197885985748214
1,Neutral,0.13215289855072462,0.23354510869565218,0.6764445652173913,0.3733782608695652,0.27741784120084917,0.01960337299375343,0.10139221014492754
2,Positive,0.18454814814814816,0.3337,0.7040592592592593,0.3908444444444445,0.2421531115778054,0.029026869488536153,0.14915185185185184
