conversation_length_category,Negative,Neutral,Positive
Short,100.0,0.0,0.0
Medium,0.0,100.0,0.0
Long,42.13709677419355,55.141129032258064,2.721774193548387
