turn_count_category,Negative,Neutral,Positive
Few turns,80.0,20.0,0.0
Medium turns,40.0,60.0,0.0
Many turns,41.93877551020408,55.306122448979586,2.7551020408163267
