,sentiment_cat,conversation_length,customer_text_length,agent_text_length,customer_word_count,agent_word_count,customer_sentence_count,agent_sentence_count,customer_question_marks,customer_exclamation_marks,agent_question_marks,agent_exclamation_marks
0,Negative,2398.7672209026127,734.5771971496437,1490.4940617577197,133.48218527315913,266.51306413301666,17.16627078384798,27.346793349168646,1.990498812351544,0.6413301662707839,5.01187648456057,1.185273159144893
1,Neutral,1948.302536231884,549.1105072463768,1244.626811594203,100.4909420289855,222.2572463768116,13.748188405797102,23.534420289855074,1.9329710144927537,0.5380434782608695,4.298913043478261,1.75
2,Positive,1682.1851851851852,446.18518518518516,1094.4444444444443,81.0,194.44444444444446,11.962962962962964,21.555555555555557,1.5555555555555556,1.037037037037037,3.814814814814815,2.074074074074074
