{"progress":100,"best/iter":1000,"_timestamp":1.7436353494093702e+09,"val/conf_matrix_plot_table":{"path":"media/table/val/conf_matrix_plot_table_1950_71e40b53e8672ae31d7b.table.json","ncols":3,"nrows":9,"_type":"table-file","sha256":"71e40b53e8672ae31d7b927bdeb02f74965f22c2e84137b82e2611369a82b55a","size":338,"artifact_path":"wandb-client-artifact://v9oduvcrkfqiu3zadhu52hz4zpqsyb8j7lykei0i0mcscd9xfk3vpc3hz79umgu9ig0hgsdm4h3wsgp352ty5exa3k4sj1hufqdzhewfmu1es12k2wtmwml78y3yjdwd/val/conf_matrix_plot_table.table.json","_latest_artifact_path":"wandb-client-artifact://7jeefjkjdfoo4i0279d8ezbtr5mngjiip0k4hh9toqdsbi6xbtrp47f4mtivoz32bfarazklxocgvwngfhl0xuducke6a6bnkoxe8nwt1tpr22dw0mswyyv4wijs2qfp:latest/val/conf_matrix_plot_table.table.json"},"best/f1":0.9488909401425736,"val/conf_matrix_positive_neutral":1,"best/loss":0.1879204958677292,"val/recall_neutral":0.9541284403669725,"iter":2000,"val/precision_positive":0.6666666666666666,"val/precision_negative":0.9493670886075949,"train/loss":0.018003801505547017,"val/conf_matrix_negative_negative":75,"val/conf_matrix_negative_positive":0,"val/conf_matrix_negative_neutral":7,"val/loss":0.3139483630657196,"val/conf_matrix_neutral_neutral":104,"lr":1.9827259912808556e-05,"val/f1_neutral":0.9411764705882353,"_step":2000,"val/conf_matrix_positive_negative":0,"val/precision_neutral":0.9285714285714286,"_runtime":1188.1124693,"val/conf_matrix_neutral_positive":1,"val/f1_score":0.9329162413508657,"val/conf_matrix_neutral_negative":4,"val/f1_positive":0.6666666666666666,"val/recall_positive":0.6666666666666666,"val/recall_negative":0.9146341463414634,"val/accuracy":0.9329896907216495,"best/accuracy":0.9484536082474226,"val/f1_negative":0.9316770186335404,"val/conf_matrix_positive_positive":2,"_wandb":{"runtime":1188}}