{"val/precision_neutral":0.9803921568627451,"best/accuracy":0.9536082474226805,"_runtime":2060.1793222,"_step":2000,"val/f1_neutral":0.9478672985781991,"progress":100,"val/precision_positive":1,"best/f1":0.9537882547772666,"val/precision_negative":0.898876404494382,"val/recall_neutral":0.9174311926605505,"val/f1_positive":1,"val/conf_matrix_neutral_negative":9,"val/recall_positive":1,"train/loss":0.0023088328051380815,"val/f1_negative":0.935672514619883,"val/loss":0.2355167269706726,"val/conf_matrix_neutral_neutral":100,"iter":2000,"lr":1.9827259912808556e-05,"best/loss":0.1795017570257187,"val/conf_matrix_plot_table":{"size":338,"artifact_path":"wandb-client-artifact://t3viv36rinly760bg3s9hqd7ilowhgorf7io67yih2te3s6l00l8i5frtot089d0de62l1351g2w8szd7ghp0rn6gxel7ypaxpkfz8dxia6xvepy23ecfvtzscon3d31/val/conf_matrix_plot_table.table.json","_latest_artifact_path":"wandb-client-artifact://cx4ldbqtu55yxj7xsvt3cjxrqvr6lnnruhwjq8r4287pbstz2poyktk99kkkdbqfmegx4zdi3jre7ey7rewizhn5j5rmyo0vovjmvyxc658g83pkpw3q7nvrkhzgq4ea:latest/val/conf_matrix_plot_table.table.json","path":"media/table/val/conf_matrix_plot_table_1950_5387572219a91bcc096f.table.json","ncols":3,"nrows":9,"_type":"table-file","sha256":"5387572219a91bcc096ffe23ba924ddf451b6340e0e2d815b8a5c2a84e2019f5"},"val/conf_matrix_positive_neutral":0,"val/accuracy":0.9432989690721649,"val/conf_matrix_neutral_positive":0,"val/conf_matrix_positive_negative":0,"val/conf_matrix_negative_negative":80,"val/conf_matrix_negative_neutral":2,"val/conf_matrix_positive_positive":3,"_timestamp":1.7437153067594297e+09,"_wandb":{"runtime":2060},"val/f1_score":0.9435189780611036,"val/recall_negative":0.975609756097561,"best/iter":750,"val/conf_matrix_negative_positive":0}