{"progress":100,"best/loss":0.339729905128479,"val/f1_positive":0,"val/conf_matrix_positive_negative":0,"val/recall_neutral":0.8623853211009175,"val/precision_neutral":0.9038461538461539,"_runtime":2163.2864153,"val/conf_matrix_negative_negative":75,"val/f1_neutral":0.8826291079812206,"val/recall_negative":0.9146341463414634,"best/f1":0.8746654631257226,"val/precision_positive":0,"iter":2000,"best/accuracy":0.8814432989690721,"_wandb":{"runtime":2163},"val/conf_matrix_positive_neutral":3,"train/loss":0.07433453876525163,"val/conf_matrix_neutral_neutral":94,"val/conf_matrix_negative_positive":0,"val/accuracy":0.8711340206185567,"best/iter":1500,"val/conf_matrix_positive_positive":0,"val/f1_negative":0.8771929824561403,"_step":2000,"val/f1_score":0.8666824604709101,"val/conf_matrix_plot_table":{"sha256":"ea9455b1b12d285b21a2e54e0ddb4a7659f72c9880198d5e90bf8784da64be0b","size":338,"artifact_path":"wandb-client-artifact://4mcywun36lclxv3g0udo6u46swlawq5lin7t4wckoahiayt11fxq6pu92t73ykkatbwjlpjhu2675xmjltf2tqohpnhw4m7oh6bwc82gqnqt6r9ipwn54kx764jnt105/val/conf_matrix_plot_table.table.json","_latest_artifact_path":"wandb-client-artifact://t85ra46vyqzc0sgi73q0grn1ylkyzapoyx16ivjd7f9pvrts60od9zhproyrdzu84a3tdkwi9tpf0bzd2htnjwx8tsdc7cmacm80aji3ij6d8twy6p1yl4e88q2fdki0:latest/val/conf_matrix_plot_table.table.json","path":"media/table/val/conf_matrix_plot_table_1950_ea9455b1b12d285b21a2.table.json","ncols":3,"nrows":9,"_type":"table-file"},"lr":1.9827259912808556e-05,"val/precision_negative":0.8426966292134831,"val/conf_matrix_negative_neutral":7,"val/conf_matrix_neutral_positive":1,"val/loss":0.4653170704841614,"val/conf_matrix_neutral_negative":14,"_timestamp":1.7437176710564864e+09,"val/recall_positive":0}