{"best/iter":1750,"val/precision_negative":0.851063829787234,"val/conf_matrix_positive_positive":1,"best/f1":0.9007248640596914,"val/conf_matrix_negative_positive":0,"val/conf_matrix_positive_negative":0,"val/f1_neutral":0.9082125603864735,"val/conf_matrix_neutral_negative":14,"progress":100,"_runtime":1103.7383645,"val/conf_matrix_negative_neutral":2,"lr":1.9827259912808556e-05,"best/loss":0.327678382396698,"val/recall_neutral":0.8623853211009175,"val/precision_positive":0.5,"val/conf_matrix_neutral_neutral":94,"val/recall_positive":0.3333333333333333,"val/conf_matrix_neutral_positive":1,"val/accuracy":0.9020618556701031,"val/loss":0.4308828115463257,"_timestamp":1.743635123903409e+09,"val/f1_positive":0.4,"val/conf_matrix_negative_negative":80,"_wandb":{"runtime":1103},"iter":2000,"val/f1_score":0.9007248640596914,"best/accuracy":0.9020618556701031,"val/conf_matrix_positive_neutral":2,"val/recall_negative":0.975609756097561,"val/f1_negative":0.9090909090909091,"train/loss":0.04954511007294059,"val/precision_neutral":0.9591836734693877,"val/conf_matrix_plot_table":{"ncols":3,"nrows":9,"_type":"table-file","sha256":"82ddce113632ce86a2a6e96260f3dee6746c1490292b41f711a245685be23a16","size":338,"artifact_path":"wandb-client-artifact://eut6pl59npf3ixe1iwc26qnx0oaqcltyillj8a7ueasqxulleubn1aq0fku6ccgpwyb0mis7wym72mstsmremgwmj63o1ez8me5dhz8o86xpvzsvg8oq1ir5axpg64oj/val/conf_matrix_plot_table.table.json","_latest_artifact_path":"wandb-client-artifact://8lhdf5at9lsvmzr0yrau2s0ng1xda5mi0mbjflxsexxmx54s371kyoh9o59jbtz8fp9as7uqw09mxqpbtcgscmz7hd8tu7ts5mnbw1ls355ie7xx5xvoi0jozk139uhr:latest/val/conf_matrix_plot_table.table.json","path":"media/table/val/conf_matrix_plot_table_1950_82ddce113632ce86a2a6.table.json"},"_step":2000}